"Alcohol","Malic_Acid","Ash","Ash_Alcanity","Magnesium","Total_Phenols","Flavanoids","Nonflavanoid_Phenols","Proanthocyanins","Color_Intensity","Hue","OD280","Proline"
0.16444358896995,0.869095447253768,0.186372594998461,0.52289244108115,-0.0752604661430234,-0.976575483993849,-1.21182921234654,0.724021159373093,-0.777513117179065,0.938890240922523,-1.16151216326787,-1.28877614333947,-0.40594284143656
0.83288262253804,-0.302955083066575,0.363680143734956,-0.608474859618602,0.575962079211664,0.882747239363138,0.975069004394491,-0.560508526524318,0.578654266383318,0.170582286628625,0.47265035951991,0.777055128018261,1.12202020239766
-0.923466855920402,-0.3929331178433,-0.493125711638286,0.170121950787918,-0.490328694428138,-0.0757689101050505,0.0207540239571527,-0.0334392382080004,0.0581016070825632,-0.899376985508052,0.460504585175797,0.270002544202783,-0.751725655929084
